{
    "circle": {
        "knots": [
            -2.0, 
            -1.0, 
            0.0, 
            1.0, 
            2.0, 
            3.0, 
            4.0, 
            5.0, 
            6.0, 
            7.0, 
            8.0, 
            9.0, 
            10.0
        ], 
        "cvs": [
            [
                0.783611624891225, 
                4.798237340988468e-17, 
                -0.7836116248912238
            ], 
            [
                -1.2643170607829326e-16, 
                6.785732323110913e-17, 
                -1.108194187554388
            ], 
            [
                -0.7836116248912243, 
                4.798237340988471e-17, 
                -0.7836116248912243
            ], 
            [
                -1.108194187554388, 
                1.966335461618786e-32, 
                -3.21126950723723e-16
            ], 
            [
                -0.7836116248912245, 
                -4.7982373409884694e-17, 
                0.783611624891224
            ], 
            [
                -3.3392053635905195e-16, 
                -6.785732323110915e-17, 
                1.1081941875543881
            ], 
            [
                0.7836116248912238, 
                -4.798237340988472e-17, 
                0.7836116248912244
            ], 
            [
                1.108194187554388, 
                -3.644630067904792e-32, 
                5.952132599280585e-16
            ], 
            [
                0.783611624891225, 
                4.798237340988468e-17, 
                -0.7836116248912238
            ], 
            [
                -1.2643170607829326e-16, 
                6.785732323110913e-17, 
                -1.108194187554388
            ], 
            [
                -0.7836116248912243, 
                4.798237340988471e-17, 
                -0.7836116248912243
            ]
        ], 
        "form": "periodic", 
        "spans": 8, 
        "degree": 3
    }, 
    "diamond": {
        "knots": [
            0.0, 
            1.0, 
            2.0, 
            3.0, 
            4.0
        ], 
        "spans": 4, 
        "form": "open", 
        "degree": 1, 
        "cvs": [
            [
                0.0, 
                0.0, 
                3.0
            ], 
            [
                3.0, 
                0.0, 
                0.0
            ], 
            [
                0.0, 
                0.0, 
                -3.0
            ], 
            [
                -3.0, 
                0.0, 
                0.0
            ], 
            [
                0.0, 
                0.0, 
                3.0
            ]
        ]
    }
}